name,email,age,city
John Doe,john@example.com,28,New York
Alice Smith,alice@example.com,34,San Francisco
Bob Johnson,bob@example.com,45,Chicago
Emily Davis,emily@example.com,22,Seattle
Michael Lee,michael@example.com,29,Seattle
Sarah Kim,sarah@example.com,31,Los Angeles
David Clark,david@example.com,38,Miami
Emma Wilson,emma@example.com,26,New York
Daniel Lewis,daniel@example.com,40,Miami
Grace Hall,grace@example.com,27,Los Angeles
Ryan Martin,ryan@example.com,33,Chicago
Sophia Scott,sophia@example.com,24,San Francisco
Ethan Wright,ethan@example.com,36,Seattle
Lily Adams,lily@example.com,30,Miami
Noah Baker,noah@example.com,42,San Francisco
Olivia Perez,olivia@example.com,21,New York
James Reed,james@example.com,37,Chicago
Ava Torres,ava@example.com,23,San Francisco
Benjamin Ross,benjamin@example.com,35,Los Angeles
Chloe Bennett,chloe@example.com,29,Seattle
Jack Murphy,jack@example.com,32,New York
Ella Rivera,ella@example.com,25,Chicago
Lucas Price,lucas@example.com,39,San Francisco
Zoe Barnes,zoe@example.com,27,New York
Henry Foster,henry@example.com,41,Chicago
Luna Howard,luna@example.com,28,Los Angeles
Logan Simmons,logan@example.com,31,Miami
Mia Bryant,mia@example.com,33,Seattle
Jacob Kelly,jacob@example.com,44,San Francisco
Aria Hayes,aria@example.com,26,Miami
Matthew Long,matthew@example.com,38,New York
Scarlett Green,scarlett@example.com,22,Chicago
William Gray,william@example.com,45,Los Angeles
Sofia Cooper,sofia@example.com,23,San Francisco
Jackson Ward,jackson@example.com,40,Seattle
Victoria Brooks,victoria@example.com,29,New York
Luke Watson,luke@example.com,36,Los Angeles
Hannah West,hannah@example.com,27,Miami
Anthony Powell,anthony@example.com,35,Chicago
Layla Hughes,layla@example.com,24,New York
Gabriel Butler,gabriel@example.com,32,San Francisco
Avery Jenkins,avery@example.com,30,Seattle
Samuel Perry,samuel@example.com,43,Miami
Evelyn Patterson,evelyn@example.com,25,Los Angeles
Carter Russell,carter@example.com,34,Chicago
Madison Coleman,madison@example.com,31,San Francisco
Owen Hart,owen@example.com,28,Seattle
Ella Stewart,ella.stewart@example.com,22,New York
Levi Barnes,levi.barnes@example.com,39,Miami
Isabella Grant,isabella@example.com,26,Los Angeles
